{
  "watch_polygon": [
      [
        -97.03125,
        39.808536
      ],
      [
        -97.1850586,
        38.578232
      ],
      [
        -93.7683105,
        38.3718089
      ],
      [
        -91.6094971,
        38.8525424
      ],
      [
        -93.1530762,
        39.6183836
      ],
      [
        -94.822998,
        39.9644907
      ],
      [
        -97.03125,
        39.808536
      ]
    ],
  "usual_hours": [11, 12, 13, 23, 0, 1],
  "pre_launch_offset": 15
}